{"train_loss": [1.072752244067642, 1.0403720700890764, 1.0261235773188513, 0.9890475811073615, 0.9729432339938182, 0.9664666500856292, 0.9628846002449779, 0.9594484462678058, 0.9547053299984842, 0.9556871750069864, 0.9581941681088142, 0.9483743802931324, 0.9528258446627443, 0.9536685188236477, 0.9594530318892976, 0.9511733336268731, 0.9544943398649588, 0.9497865760851206, 0.9497254252808649, 0.9540068021735305, 0.9522387203555437, 0.9468662885000121, 0.9521427684984867, 0.9545569697266105, 0.9531420008191522, 0.9522817339162407, 0.9472669334906452, 0.9571859844075808, 0.9571489796698468, 0.9563224971669275], "train_acc": [0.621612166333685, 0.6349152194389444, 0.648122361920606, 0.6716879096079567, 0.6730276745624595, 0.6832207818914395, 0.6774781457014948, 0.6796602528985605, 0.6859811299732766, 0.683905141054078, 0.6852585189693757, 0.6849499171981535, 0.6827768522470561, 0.6806911102654783, 0.6811931532840876, 0.6905801865380629, 0.6863377366481402, 0.6830141326833055, 0.6831776535189875, 0.6828826151167178, 0.6873045874768695, 0.6882255162593469, 0.6861258555006114, 0.6865287396299324, 0.6879771107197397, 0.6808173958926713, 0.6866557360735361, 0.6862344120440733, 0.6811538352182092, 0.6855163221631565], "val_loss": [0.9700298219919204, 0.9638710781931877, 0.9604686588048935, 0.9381091475486756, 0.923233026266098, 0.9215146392583847, 0.909624145925045, 0.907792218029499, 0.9027772232890129, 0.90375035405159, 0.9029988214373589, 0.9038132846355438, 0.9038525775074959, 0.9041706547141075, 0.9056873977184295, 0.9035786896944046, 0.9027731493115425, 0.9050984978675842, 0.9073239862918854, 0.9031486615538598, 0.901903448998928, 0.90152308344841, 0.9032352015376091, 0.9041480913758277, 0.9033555015921593, 0.90338786393404, 0.9034384548664093, 0.9045206382870674, 0.9059610724449157, 0.905379694700241], "val_acc": [0.657263228850691, 0.6625098303561398, 0.6859903381642511, 0.6747781148185596, 0.6911863835524099, 0.69649477586788, 0.7057971014492753, 0.7114312998539489, 0.7129536007190204, 0.7128918099089989, 0.7114762386248736, 0.7109762947983372, 0.7111897539602292, 0.7104651162790697, 0.7084878103583867, 0.7086507134029885, 0.7146612740141557, 0.7105999325918436, 0.7096056622851366, 0.7140096618357488, 0.7075328614762386, 0.7113077182339063, 0.7113245702730031, 0.710554993820919, 0.7106898101336929, 0.7121840242669363, 0.7081058308055275, 0.7117177845185934, 0.7099202336816088, 0.7087742950230311]}